,MturkId,Age,Gender,Education,Country,Victim,Consent,Q0,Q1,Q2,Q3,Q4,Q5,Userid,PQ0,PQ1,PQ2,PQ3,PQ4,PQ5,Rejected
0,A1GWFF5651XU8,37,M,BD,United States,YF,true,0,1,3,0,1,0,587274614,Unused,phishingWriting75p,hamWriting75p,phishingStyling50p,hamStyling25p,logo,0
1,A2C9OFEV72G568,49,M,BD,United States,YF,true,0,1,3,3,1,1,416361962,Unused,phishingWriting50p,hamWriting50p,phishingStyling25p,hamStyling25p,I checked the link addresses in the email and the address where the email was from,0
2,A2LLOJFA11FSZF,30,M,BD,United States,YF,true,0,1,3,3,1,1,293449694,Unused,phishingWriting25p,hamWriting50p,phishingStyling50p,hamStyling75p,SenderMismatched name and email address Does the sender name seem like a legitimate representative of the company they claim to be from Does the email address match the expected format eg invalid URL removed,0
3,A2QQ8A4PVVQ8F9,42,M,MD,United States,A,true,0,1,0,1,0,1,166515386,Unused,phishingWriting75p,hamWriting75p,phishingStyling50p,hamStyling100p,good,0
4,A3STD2HIJ4PD5P,28,F,BD,United States,A,true,0,0,0,1,0,0,706203298,Unused,phishingWriting100p,hamWriting75p,phishingStyling75p,hamStyling75p,email was a phishing,0
5,AFR6OUL31U43D,38,M,BD,United States,YF,true,0,1,3,0,1,0,231907372,Unused,phishingWriting75p,hamWriting50p,phishingStyling75p,hamStyling50p,some identify,0
6,ARKZRVB9WN15M,33,M,HS,United States,YM,true,0,1,3,3,1,1,344081825,Unused,phishingWriting50p,hamWriting75p,phishingStyling50p,hamStyling50p,I paid close attention to the subject field formatting of the email contents of the email and most importantly any links within the email itself If any of those seemed even remotely fishy I deemed them as a phishing attempt and reported it so,0
7,A1MN2PWAV10VAB,38,F,HS,United States,YM,true,0,1,3,3,1,1,358476084,Unused,phishingWriting25p,hamWriting25p,phishingStyling25p,hamStyling25p,I used all the criteria that you provided me at the start of the study,0
8,A2GGN9EA00SS13,33,F,BD,United States,YF,true,0,1,3,2,2,1,626430483,Unused,phishingWriting100p,hamWriting75p,phishingStyling75p,hamStyling100p,NA,0
9,A2EI075XZT9Y2S,47,M,HS,United States,YM,true,0,1,3,1,3,1,836604283,Unused,phishingWriting25p,hamWriting50p,phishingStyling25p,hamStyling50p,all of them,0
10,A3B9SWJ0MHM13V,36,M,BD,United States,YF,true,0,1,3,0,1,0,77929435,Unused,phishingWriting100p,hamWriting75p,phishingStyling50p,hamStyling75p,some brand,0
11,A37GOI3N77WX21,33,M,HS,United States,YM,true,0,1,0,3,1,1,182305555,Unused,phishingWriting50p,hamWriting50p,phishingStyling50p,hamStyling50p,Checking the links by hovering over them and just my general understanding of phishing scams,0
12,A313QTGC8AQY8V,37,M,BD,United States,YF,true,0,1,3,0,1,0,649011084,Unused,phishingWriting100p,hamWriting75p,phishingStyling50p,hamStyling75p,seeing logo,0
13,A2S9O0W8SRVAH8,32,F,MD,United States,A,true,0,1,1,2,1,0,593002269,Unused,phishingWriting75p,hamWriting75p,phishingStyling50p,hamStyling75p,good,0
14,A1OOCYEFLAJD98,46,M,BD,United States,YM,true,0,1,3,3,3,1,324851288,Unused,phishingWriting75p,hamWriting75p,phishingStyling75p,hamStyling75p,I read through the text to understand the ask verified the sender and any links provided,0
15,A9T24X9NZQ0XH,55,M,BD,United States,YM,true,0,1,3,3,1,1,639236365,Unused,phishingWriting50p,hamWriting75p,phishingStyling50p,hamStyling75p,If the destination link was different from the expected link even when it went to a google docs page If the return email was a gmail address or other free email server There was one that looked like someone just pasted a whole email template into,0
16,A7SW6SVNJ5V6O,53,M,DD,United States,YF,true,0,1,3,3,3,1,248430156,Unused,phishingWriting75p,hamWriting75p,phishingStyling75p,hamStyling75p,I looked for urgent language and verified the link,0
17,A1YVMDRR9W1LZ1,33,M,BD,United States,YF,true,0,1,3,3,3,1,65313324,Unused,phishingWriting0p,hamWriting0p,phishingStyling0p,hamStyling0p,The links were usually the best bet for me If the link didnt match the sender or the text or had something misspelled I knew it was phishing Sometimes the language and how urgent they were gave it away as well,0
18,A2OVX9UW5WANQE,50,F,HS,United States,YF,true,0,1,3,3,1,1,775628829,Unused,phishingWriting50p,hamWriting50p,phishingStyling50p,hamStyling50p,I looked at the sender and the link first then I looked at the tone and requests made by the email,0
19,A11FRLH5KWRLBV,40,M,BD,United States,YF,true,0,1,3,3,2,2,597337090,Unused,phishingWriting100p,hamWriting100p,phishingStyling100p,hamStyling100p,The whole thing really did the subject matter match what was being said in the email is the address right if any of these were off I was suspicious I personally never click the links in emails I always go directly to the website through a bookmar,0
20,A1OW27AZS122X2,27,M,BD,United States,YM,true,0,1,3,3,1,2,600809417,Unused,phishingWriting50p,hamWriting50p,phishingStyling50p,hamStyling50p,If they ask me to click on links to do something which I dont know about that increases the chance of a phishing attempt to me ,0
21,A2583YP0HGTKAG,43,M,MD,United States,YM,true,0,1,3,3,1,1,287445136,Unused,phishingWriting75p,hamWriting25p,phishingStyling75p,hamStyling25p,I checked the links first and foremost if they did not match the sender that was a big giveaway it was falseAbout one that perhaps i took too literally It said it was a Greeting Friend example  had a diff url than text but said it wasnt phish,0
22,A2S64AUN7JI7ZS,46,M,HS,United States,YM,true,0,1,3,3,3,1,54720790,Unused,phishingWriting75p,hamWriting75p,phishingStyling75p,hamStyling75p,What they were asking for what was the email address and where did the link go,0
23,AAC9DJ81ZXUE7,34,M,BD,United States,YF,true,0,1,3,2,1,1,952454823,Unused,phishingWriting50p,hamWriting50p,phishingStyling50p,hamStyling75p,Mostly seeing if the link was legit,0
24,A29P011QEF23G8,34,M,BD,United States,YF,true,1,0,3,0,0,2,919348246,Unused,phishingWriting100p,hamWriting100p,phishingStyling100p,hamStyling100p,If read than understand,0
25,A3CT8UTPVYUL04,44,M,MD,United States,YF,true,0,1,3,0,3,1,138414020,Unused,phishingWriting75p,hamWriting75p,phishingStyling75p,hamStyling75p,,0
26,A3BWZ6V34W8SXX,30,F,BD,United States,YF,true,0,1,3,3,1,1,577593534,Unused,phishingWriting75p,hamWriting75p,phishingStyling75p,hamStyling50p,I just tried to follow the guidelines ,0
27,AF8UBU5UVSL0F,25,F,BD,United States,A,true,0,1,1,1,0,1,982425954,Unused,phishingWriting75p,hamWriting50p,phishingStyling75p,hamStyling0p,Verify the links is an phishing email,0
28,A2XFO0X6RCS98M,33,M,HS,United States,YM,true,0,1,0,2,3,1,167896991,Unused,phishingWriting75p,hamWriting25p,phishingStyling75p,hamStyling25p,whether the wording was suspicious and whether the sender or links looked wrong,0
29,A2AP9F2LCG5GV8,34,M,BD,United States,YF,true,1,0,0,0,1,1,693382122,Unused,phishingWriting75p,hamWriting75p,phishingStyling75p,hamStyling75p,After read email understood,0
30,A1M7R2XY0YNLHG,37,M,MD,United States,A,true,1,1,1,3,1,1,729043463,Unused,phishingWriting75p,hamWriting50p,phishingStyling75p,hamStyling50p,Phishing emails often have emails that seem to match with the real reputable companies but if you look carefully youll see the typos  misspellings Always verify the domain of the sender,0
31,A22LRKFP5S22GR,43,F,BD,United States,A,true,0,0,1,1,2,0,150295197,Unused,phishingWriting25p,hamWriting75p,phishingStyling50p,hamStyling75p,cyber security decisions are identify the phishing attempt,0
32,A1YDQJXMEUVSY7,44,M,HS,United States,YF,true,0,1,3,3,3,1,783684699,Unused,phishingWriting0p,hamWriting0p,phishingStyling0p,hamStyling0p,I checked the links to see if they matched the sites I checked if I know the person or not,0
33,AFEPFMO9863WA,42,M,BD,United States,YM,true,0,1,0,3,1,1,857931171,Unused,phishingWriting50p,hamWriting50p,phishingStyling50p,hamStyling25p,I looked at the links that I used my computer mouse to hover and see if the link was fake or not This is what I would use to see if there is a phishing was happening ,0
34,A2QWR7XEBV7ADK,30,F,BD,United States,A,true,3,0,3,0,1,0,987798900,Unused,phishingWriting75p,hamWriting50p,phishingStyling75p,hamStyling75p,The most obvious way to spot a bogus email is if the sender uses a public email domain such as gmailcom PayPal phishing email example,0
35,A6DVVAPWCFAFK,51,M,HS,United States,A,true,1,0,1,0,0,1,448268140,Unused,phishingWriting75p,hamWriting25p,phishingStyling50p,hamStyling25p,cyber security decisions are done and identify the phishing attempt,0
36,A3ITZNJQUTIZ4C,47,F,HS,United States,YF,true,0,1,3,0,2,1,845969819,Unused,phishingWriting75p,hamWriting25p,phishingStyling50p,hamStyling50p,If the link was misspelled or did not belong to the company,0
37,A2RWLFIP23FZA7,28,M,BD,United States,YF,true,0,1,3,3,3,2,130861023,Unused,phishingWriting50p,hamWriting50p,phishingStyling50p,hamStyling50p,I mainly look at the senders email name and subject to see if its suspicious if the link address within the email matches the senders email suffix and if it uses a tone of urgency as well as content about a lucky event such as winning a lottery,0
38,A2BUHMLNE3LUU0,45,F,BD,United States,YF,true,0,1,3,3,1,2,273062832,Unused,phishingWriting75p,hamWriting75p,phishingStyling75p,hamStyling75p,Link details tone of message spelling mistakes whether it asks for personal information whether the site tells you to login using bank website and does not mandate the link in the email,0
39,A3QJJR5Y3XE92N,43,M,PD,United States,YF,true,0,1,3,0,3,1,299680361,Unused,phishingWriting75p,hamWriting50p,phishingStyling75p,hamStyling25p,Mostly checked links since that was the easiest way to tell Also went by the tone so emails that sounded urgent or alarmist made me lean towards them being a phishing attempt,0
40,A27VK38SRSSHV3,33,M,BD,United States,YM,true,0,1,0,3,3,1,269287413,Unused,phishingWriting75p,hamWriting50p,phishingStyling75p,hamStyling50p,Check email address if content is deceptive like unbelievable information,0
41,A222GZB608T1B8,25,F,HS,United States,YF,true,0,1,3,3,1,2,482869022,Unused,phishingWriting75p,hamWriting75p,phishingStyling75p,hamStyling75p,Check link by hovering urgency spelling mistakes,0
42,AT4S5FAHC5R0D,37,F,HS,United States,YM,true,0,1,0,3,3,1,824572158,Unused,phishingWriting50p,hamWriting50p,phishingStyling25p,hamStyling50p,I looked at the links provided by hovering my cursor over it I also looked at the style of the email such as urgency or lotterysweepstakes winnings,0
43,A3QIKJMER5S4T0,42,F,BD,United States,A,true,0,1,3,0,2,1,80731110,Unused,phishingWriting75p,hamWriting75p,phishingStyling100p,hamStyling75p,,0
44,A8B4WA1QFNUAW,38,F,HS,United States,YM,true,0,1,3,3,3,3,467721341,Unused,phishingWriting50p,hamWriting50p,phishingStyling75p,hamStyling75p,I tried to go by common sense and remember the guidelines shown at the beginning of the study,0
45,A38DHLB88V8DL8,49,F,BD,United States,YM,true,0,1,3,3,1,3,538503457,Unused,phishingWriting75p,hamWriting50p,phishingStyling75p,hamStyling75p,I tried to see if it was urgent asked for personal information and contained errors,0
46,AEW3RUARJ1K8R,32,M,BD,United States,YF,true,0,1,3,3,1,1,209902693,Unused,phishingWriting50p,hamWriting50p,phishingStyling100p,hamStyling100p,Senders Email Address I checked if the senders email address appeared legitimate or if it was spoofed or altered to resemble a legitimate source,0
47,A2TLN8489YGY81,36,M,BD,United States,YM,true,0,1,3,3,3,1,883796169,Unused,phishingWriting50p,hamWriting75p,phishingStyling50p,hamStyling75p,The link mismatch was the biggest indicator of a phishing attempt Suspicious headlines offers and rewards were also signals,0
48,A1497L153RMH2L,34,M,HS,United States,YF,true,0,1,3,3,1,1,143436692,Unused,phishingWriting75p,hamWriting50p,phishingStyling75p,hamStyling50p,I would first observe the tone of the email and what it is asking me for I would then check the link at the end of the email,0
49,A70TBKPGWQZO4,34,M,HS,United States,YM,true,0,1,0,3,2,1,640531989,Unused,phishingWriting100p,hamWriting75p,phishingStyling100p,hamStyling50p,How urgent it was whether it required me to enter sensitive information how familiar I was with the company whether a reward was being offered and if links and sender information matched,0
50,A2NR6DBUEXC3Y4,45,M,HS,United States,YF,true,0,1,3,3,3,1,982993882,Unused,phishingWriting50p,hamWriting50p,phishingStyling50p,hamStyling50p,I looked for correct spellings company name matches email senders also if it request any credential informations or urgently requests,0
51,ACM3TPZKLE7WC,28,F,HS,United States,YF,true,0,1,0,0,1,3,600504131,Unused,phishingWriting75p,hamWriting25p,phishingStyling50p,hamStyling50p,,0
52,A2866TYG0D96LM,35,M,HS,United States,YM,true,0,1,3,3,3,1,304628392,Unused,phishingWriting75p,hamWriting25p,phishingStyling100p,hamStyling50p,Usually the most obvious signs that an email was a phishing attempt was the sender used urgent language that something had to done immediately or I would lose access to my account and the email contained a link they wanted me to click,0
53,A2BABL5AHUOYC7,38,M,MD,United States,YM,true,0,1,3,3,3,0,314502039,Unused,phishingWriting75p,hamWriting25p,phishingStyling75p,hamStyling50p,I made my decisions based on my understanding of the examples given earlier,0
54,A1WQACYPLESVGL,37,M,HS,United States,YM,true,0,1,3,3,2,1,616121139,Unused,phishingWriting50p,hamWriting50p,phishingStyling75p,hamStyling75p,I followed the instructions I relied on my experience I checked the sender the url vs the given text the subject matter looked at typos etc,0
55,A26WVAVVE1RM47,27,F,HS,United States,YF,true,0,1,3,0,1,1,179938485,Unused,phishingWriting100p,hamWriting100p,phishingStyling100p,hamStyling100p,I check out the URL link to see if it looks like the real deal the actual website it claims to be Also I pay attention to how they put that link in the email making sure its not too sneaky or tempting trying to trick folks into clicking on it,0
56,A2R75YFKVALBXE,74,M,PD,United States,YF,true,0,1,3,0,3,1,568314756,Unused,phishingWriting50p,hamWriting75p,phishingStyling75p,hamStyling50p,Email address urgency congruence of links with hot links language,0
57,A1SLJKNSNHOJRN,39,M,BD,United States,YF,true,0,1,3,3,3,1,173359658,Unused,phishingWriting75p,hamWriting25p,phishingStyling50p,hamStyling25p,Are there misspelled words or odd formatting Is it asking for contactpersonal information Is it trying to scare me or entice me with good news Does the sender address authentic or look authentic Does the link go to where it says it goes to,0
58,A3N15463MQO5VF,45,F,BD,United States,YF,true,0,1,3,3,1,1,236139636,Unused,phishingWriting75p,hamWriting75p,phishingStyling100p,hamStyling75p,I read the email and looked for any kind of urgent language like threats of account closures deadlines or if the offer was something that seemed too good to be true I looked for any errors in spelling and at the email address,0
59,A3F51C49T9A34D,58,M,MD,United States,YF,true,0,1,3,3,3,3,797491628,Unused,phishingWriting25p,hamWriting25p,phishingStyling25p,hamStyling25p,i check the links to make sure they matched up with the company,0
60,A161QJEUXJ2OU,38,F,MD,United States,YM,true,0,0,0,1,3,0,664433794,Unused,phishingWriting75p,hamWriting75p,phishingStyling100p,hamStyling75p,phishing emails are fake  when i read the email i can understand ,0
61,A2TR30V5KYFFSI,22,F,BD,United States,YM,true,1,1,3,0,1,2,76527269,Unused,phishingWriting50p,hamWriting50p,phishingStyling50p,hamStyling25p,NOTHING,0
62,A37Q4O126A4RNA,40,M,HS,United States,YM,true,0,1,3,3,3,1,704877288,Unused,phishingWriting100p,hamWriting100p,phishingStyling100p,hamStyling100p,Mostly I checked the links  The email address proved to be an unreliable factor as they did not usually match but were still considered not spam in the experiment  In addition there were typos in company names which were still considered not spam,0
63,AEK2SAEL9GG39,42,M,HS,United States,A,true,0,1,3,3,1,1,470816450,Unused,phishingWriting50p,hamWriting50p,phishingStyling50p,hamStyling50p,Checking the URL when hovering around the links  Double check to see if email came from legitimate websites Im aware of  ,0
64,A2WNTI69VVVWMZ,28,M,BD,United States,YF,true,0,1,3,3,1,1,201237520,Unused,phishingWriting25p,hamWriting25p,phishingStyling25p,hamStyling0p,I tried to look at multiple things like the website link sender and general tone of the email,0
65,AURYD2FH3FUOQ,62,F,BD,United States,YF,true,0,1,3,3,3,1,171944933,Unused,phishingWriting25p,hamWriting0p,phishingStyling50p,hamStyling25p,Apparently having  different sites one for the sender and  others in the email does NOT making it phishing because I got that one wrong And apparently the ones that start with  are okay as well I checked language senders and links,0
66,A3UV55HC87DO9C,28,M,BD,United States,YM,true,0,1,3,0,1,1,164076112,Unused,phishingWriting25p,hamWriting25p,phishingStyling25p,hamStyling25p,I kept thinking about the features listed in the instructions before the answering the questions I did things link check the links check the sender and checked grammar I tried to compare them to real phishing attempts Ive received,0
67,A4RU5ZF0INCGM,27,F,BD,United States,YF,true,0,1,3,0,1,2,169692257,Unused,phishingWriting50p,hamWriting75p,phishingStyling50p,hamStyling50p,According to messages,0
68,A2WQT33K6LD9Z5,35,M,HS,United States,YF,true,0,1,3,3,1,1,226197277,Unused,phishingWriting50p,hamWriting0p,phishingStyling50p,hamStyling50p,Whether or not the link seemed suspicious once my cursor highlighted it and whether or not it claimed to be giving me a gift or needed personal information ,0
69,A128YNJ54F176I,29,F,BD,United States,YF,true,1,2,2,1,1,1,678215556,Unused,phishingWriting75p,hamWriting50p,phishingStyling100p,hamStyling50p,,0
70,A193SP8INHA4MB,32,M,HS,United States,YM,true,0,1,3,0,3,1,775108083,Unused,phishingWriting50p,hamWriting50p,phishingStyling50p,hamStyling50p,I mostly checked the links though I did read through and look for misspelled things urgent tones etc as well,0
71,A3RINLJXGM6VEN,32,F,BD,United States,YF,true,2,2,1,0,1,2,228738435,Unused,phishingWriting100p,hamWriting75p,phishingStyling50p,hamStyling50p,,0
72,A3JI3B5GTVA95F,33,M,HS,United States,YM,true,0,1,3,0,3,3,529402058,Unused,phishingWriting50p,hamWriting50p,phishingStyling75p,hamStyling25p,I first usually would check if there were any weird link URLs and then if not I would look at the sender If everything seemed ok I would figure it was not a phishing attempt although sometimes I was too strict when it came to sender accounts,0
73,AF0W4ZBY7VXOU,49,F,HS,United States,YM,true,0,1,3,3,3,1,708784461,Unused,phishingWriting50p,hamWriting50p,phishingStyling25p,hamStyling25p,I checked the website and the email address mainly  If they said I had won a prize I marked them as phishing ,0
74,A3EUGO4VR2N4G1,30,M,BD,United States,YM,true,0,1,3,0,3,1,635494733,Unused,phishingWriting50p,hamWriting75p,phishingStyling50p,hamStyling75p,I checked the email address to see if it was legitimate  I checked any links to hover over them to see if the URL matched the text and the sender,0
75,A1ZLLYRW6GIVC7,34,F,BD,United States,YM,true,0,1,3,0,3,1,383280310,Unused,phishingWriting75p,hamWriting50p,phishingStyling50p,hamStyling50p,I tried to look at the email of the sender if there was a company or school associated and I hovered over the link to see the details of the link I did read the body of the email as well to see if it was asking for personal identifiable informatio,0
76,AKVDY8OXNMQED,71,M,BD,United States,YF,true,0,1,3,0,1,3,464562474,Unused,phishingWriting50p,hamWriting75p,phishingStyling75p,hamStyling75p,I checked the link,0
77,A3797G2O6PW1F4,40,F,BD,United States,YF,true,0,1,3,3,3,1,605922975,Unused,phishingWriting50p,hamWriting50p,phishingStyling50p,hamStyling50p,I hovered over the links to see if they were going towards a legitimate website or not ,0
78,A1PRZC0JL283H7,54,M,BD,United States,A,true,0,2,0,0,1,0,134579832,Unused,phishingWriting75p,hamWriting50p,phishingStyling25p,hamStyling25p,none,0
79,A221DPF78I0Y1F,54,F,BD,United States,YF,true,1,1,1,1,0,2,561279218,Unused,phishingWriting75p,hamWriting50p,phishingStyling100p,hamStyling75p,,0
80,A2OO4PG3LBLP5I,35,M,HS,United States,YM,true,0,1,3,2,1,1,343347622,Unused,phishingWriting50p,hamWriting25p,phishingStyling50p,hamStyling25p,The way the email was written Who the email was from and the kinds of actions the email was prompting me take indicated whether or not it was authentic Also the email addressed from where the email was sent from,0
81,A2KDYSLV030FVX,53,F,BD,United States,YF,true,0,1,3,3,2,1,795732321,Unused,phishingWriting100p,hamWriting75p,phishingStyling50p,hamStyling75p,I used what I thought applied best,0
82,A3QPVH0DRW0ZQV,47,F,HS,United States,YF,true,0,1,3,3,2,1,379412012,Unused,phishingWriting50p,hamWriting50p,phishingStyling25p,hamStyling25p,A lot of the phishing attempts had links that did not match the website I also flagged ones that were giving prizes,0
83,AZ69TBTDH7AZS,31,M,BD,United States,YF,true,0,1,3,3,1,1,330879639,Unused,phishingWriting50p,hamWriting50p,phishingStyling50p,hamStyling50p,I made sure to look at the sender as well as the content and common tactics with the content I looked at the links as well as the action requested or needed for the email,0
84,AMJAZPJBO936R,22,F,HS,United States,NA,true,0,1,3,3,1,1,574185233,Unused,phishingWriting50p,hamWriting25p,phishingStyling75p,hamStyling25p,I think the strategy or criteria that I used to identify whether in the emails were phishing was based on the speech in the emails how they matched up with the links and how convincing they were compared to other creditable emails Ive seen before,0
85,A1M24593XO5Z3C,31,M,HS,United States,YF,true,0,1,3,0,2,3,901854599,Unused,phishingWriting75p,hamWriting25p,phishingStyling75p,hamStyling50p,I would look for words like urgent a link that didnt match up with the sender also misspelled things and if the senders email name looked legit,0
86,A1XQOZV8LQDM22,48,M,BD,United States,YM,true,0,1,3,3,1,1,593810939,Unused,phishingWriting75p,hamWriting50p,phishingStyling50p,hamStyling75p,The message sender and and immediate attention the message asked for,0
87,ANGJEGCCP3AO2,42,M,BD,United States,YF,true,0,1,3,3,2,1,547493973,Unused,phishingWriting25p,hamWriting75p,phishingStyling50p,hamStyling75p,I checked grammar fake links suspicious subject lines exaggerated tones,0
88,AQKC1VIZAZ6VI,46,M,BD,United States,YM,true,0,1,3,3,3,1,935608847,Unused,phishingWriting100p,hamWriting100p,phishingStyling100p,hamStyling100p,checked the links checked the reason for the email checked the language and checked that all websites and addresses matched up,0
89,A2POU9TTW177VH,47,F,HS,United States,YM,true,0,1,3,2,1,1,315412070,Unused,phishingWriting50p,hamWriting50p,phishingStyling50p,hamStyling50p,Trying to pay attention to the language in the emails Also checking email spelling and links,0
90,A14LOABUGAITBM,35,F,BD,United States,YF,true,0,1,3,0,1,1,999909922,Unused,phishingWriting25p,hamWriting75p,phishingStyling25p,hamStyling25p,If the sender of the email appears dubious or if the email address extension seems questionable I tended to exercise caution Similarly if the tone of the message came across as overly demanding or excessively familiar,0
91,A2QOB4FDI8ZHOB,58,M,HS,United States,YM,true,0,1,3,3,2,1,946529684,Unused,phishingWriting50p,hamWriting50p,phishingStyling75p,hamStyling75p,Ive been on the net a long time and have learned what is and isnt phishing with some degree of accuracy  I looked at the type of message the link and whether it went to the right site and I looked for the EMERGENCY type text,0
92,AI9QOT5C5DN1P,38,M,BD,United States,YF,true,0,1,3,3,1,0,660515276,Unused,phishingWriting75p,hamWriting75p,phishingStyling75p,hamStyling75p,Just the clues you provided me before the survey things like urgency scare tactics and numbers and fishy email addresses,0
93,A3LVLZS8S41ZD7,52,F,BD,United States,YF,true,0,1,3,3,3,1,169342311,Unused,phishingWriting75p,hamWriting75p,phishingStyling75p,hamStyling75p,When I saw a strange word or a misspelled word in the true link address I knew it was a phishing attempt  I also tried to verify that the body of the email matched the subject line  But many of the trials were still difficult,0
94,A3FNC8ELMK8YJA,62,F,PD,United States,YF,true,0,1,3,0,3,2,34228623,Unused,phishingWriting75p,hamWriting75p,phishingStyling50p,hamStyling50p,Blatant money grab and information solicitation,0
95,A17K1CHOI773VZ,35,M,HS,United States,A,true,0,1,3,0,3,1,423157186,Unused,phishingWriting75p,hamWriting100p,phishingStyling75p,hamStyling100p,i just looked for all the obvious signswrong linksurgent wording,0
96,A12HZGOZQD5YK7,43,F,HS,United States,YF,true,0,1,3,0,3,1,721564259,Unused,phishingWriting50p,hamWriting25p,phishingStyling75p,hamStyling50p,The wording and grammar the email addresses the links if they were threatening and if they were just informational emails that didnt require an action right away,0
97,A1NIKHUA79SWGD,30,M,HS,United States,A,true,0,1,3,3,2,1,818978490,Unused,phishingWriting50p,hamWriting50p,phishingStyling25p,hamStyling75p,The biggest thing is the link If it mismatched what it said it was going to that was a red flag Afterwards I would check the content of the letter was it alarmist asked me to log in anywhere and the sender to see if it matched the body,0
98,A3RI9RLBGPG2B6,25,M,BD,United States,YF,true,0,1,3,3,1,3,482636295,Unused,phishingWriting75p,hamWriting75p,phishingStyling75p,hamStyling75p,I based it on the email website domain and also the language used in the email like whether or not it seemed urgent,0
99,A1YT6E0W0SDP0R,47,M,HS,United States,YF,true,0,1,3,1,3,1,19662519,Unused,phishingWriting50p,hamWriting50p,phishingStyling50p,hamStyling50p,Most phishing attempts claim you need to give account information by clicking on a link,0
100,A1I7H6RDJS4EKN,68,M,HS,United States,A,true,0,1,0,3,3,1,525964194,Unused,phishingWriting50p,hamWriting0p,phishingStyling50p,hamStyling0p,Unprofessional language including urgency is an immediate red flag Fake link is clear confirmation of phishing A professional email not requiring response is an immediate green flag ,0
101,A36QBKROJ4J9EJ,55,M,BD,United States,YF,true,0,1,3,3,3,1,43291815,Unused,phishingWriting100p,hamWriting25p,phishingStyling50p,hamStyling25p,Email domain matching any requests made in the body of the email and too good to be true offers to distinguish ham from spam,0
102,A1P47Q6LZPLQ6P,33,M,BD,United States,YM,true,0,1,3,2,2,2,693247372,Unused,phishingWriting50p,hamWriting50p,phishingStyling75p,hamStyling75p,Urgency sense and Link verification mostly,0
103,A1FHC4Z6QXDQSS,41,M,HS,United States,YF,true,0,1,1,3,1,3,64328041,Unused,phishingWriting25p,hamWriting25p,phishingStyling25p,hamStyling25p,what the email address and website address were how ugent the message was and if they asked for personal information,0
104,A2RCYLKY072XXO,34,M,BD,United States,YM,true,0,1,3,3,2,1,964172711,Unused,phishingWriting100p,hamWriting50p,phishingStyling100p,hamStyling50p,I checked the enclosed links and evaluated the message,0
105,AR5RKWHR0DUCS,63,M,BD,United States,YF,true,0,1,3,3,3,2,767177849,Unused,phishingWriting25p,hamWriting25p,phishingStyling25p,hamStyling25p,just if it sounded off from what a normal email would be like,0
106,A1RKHN69EI6ZPK,30,M,BD,United States,YM,true,0,1,3,0,1,3,997082335,Unused,phishingWriting75p,hamWriting50p,phishingStyling75p,hamStyling50p,Based on who it was sent from how well the message is written and the actual goal of the message sent to me ,0
107,A3F2U9PTJ8RAU5,63,M,PD,United States,YM,true,0,1,3,3,3,1,161974314,Unused,phishingWriting50p,hamWriting25p,phishingStyling50p,hamStyling0p,Usually if there was a link and the link email address didnt match the address on the from sender then I thought it was a fake Also making a demand would make me scutinize more ,0
108,AHBYRLZ2U32Z2,30,F,MD,United States,A,true,0,1,3,0,1,3,447615917,Unused,phishingWriting50p,hamWriting25p,phishingStyling25p,hamStyling25p,If it was urgent and contained a link,0
109,A2Y7L7R5UTQ5R2,44,F,BD,United States,NA,true,1,0,2,0,3,1,486872410,Unused,phishingWriting100p,hamWriting75p,phishingStyling100p,hamStyling75p,very easy decisions making,0
110,AZCGF2D7QIO10,27,M,HS,United States,YM,true,0,1,3,3,1,3,682474506,Unused,phishingWriting50p,hamWriting50p,phishingStyling25p,hamStyling50p,I looked mainly at the email address it came from Also I clicked on links,0
111,A37XJVQF62ZYC,60,M,HS,United States,YF,true,0,1,3,3,3,1,427883301,Unused,phishingWriting25p,hamWriting25p,phishingStyling25p,hamStyling25p,Email address matched or didnt match url of link url The email was overly urgent or made unusual requests ,0
112,A3OV174HQJIJK8,50,M,HS,United States,YM,true,0,1,3,3,3,1,496041935,Unused,phishingWriting50p,hamWriting50p,phishingStyling25p,hamStyling25p,I would try to check to see what the email address domain of the sender was I would check the link to make sure it matched who they were representing and made sure it didnt have any misspellings or wrong letters I looked for urgency in the text,0
113,A31USOVE4ZIOCE,24,M,BD,United States,YF,true,0,1,3,3,1,1,745944296,Unused,phishingWriting50p,hamWriting75p,phishingStyling75p,hamStyling75p,I looked at where the link led first if there was a link I would also look at the sender to see if something was misspelled or did not line up with the rest of the email ,0
114,A3V2XCDF45VN9X,48,M,DD,United States,YF,true,1,1,3,3,1,3,435289891,Unused,phishingWriting75p,hamWriting25p,phishingStyling75p,hamStyling25p,based on the aim and link,0
115,A9B8MBZX0NSKK,42,F,MD,United States,A,true,0,1,3,2,1,2,935062495,Unused,phishingWriting75p,hamWriting100p,phishingStyling75p,hamStyling50p,i did my best knowledge ,0
116,AKJN72HW14WTR,41,F,MD,United States,YM,true,0,1,3,0,2,1,431469382,Unused,phishingWriting75p,hamWriting75p,phishingStyling75p,hamStyling75p,weather or not there is sense of urgency grammar or spelling error personal information requested sketchy links,0
117,A1W1WQI968TTQS,30,F,BD,United States,YM,true,1,1,1,2,1,1,241944932,Unused,phishingWriting75p,hamWriting75p,phishingStyling100p,hamStyling100p,,0
118,A1CPJ9Q4UQ0FZ3,46,F,HS,United States,YF,true,0,1,3,0,1,1,334034460,Unused,phishingWriting75p,hamWriting50p,phishingStyling75p,hamStyling25p,If it sounded weird or was pressuring me to act fast I assumed it was phishing Also if the links didnt match I assumed it was phishing,0
119,A1SN7EOZUW5VP3,45,M,HS,United States,YF,true,0,1,3,3,3,1,854172598,Unused,phishingWriting75p,hamWriting75p,phishingStyling75p,hamStyling75p,I usually looked at the link to see if it looked suspicious or not,0
120,A3GWRDHAURRNK6,49,M,BD,United States,YF,true,0,1,3,1,3,1,685187857,Unused,phishingWriting50p,hamWriting25p,phishingStyling50p,hamStyling25p,Check the link check the reply to email check for misspellings,0
121,A2H8PEGI28NKZD,35,F,BD,United States,YM,true,0,1,3,3,1,1,364907802,Unused,phishingWriting25p,hamWriting25p,phishingStyling25p,hamStyling25p,Requesting for credential verification urgency and questionable links,0
122,A25P65MDPQTAWR,46,F,BD,United States,A,true,3,2,2,3,2,3,691072316,Unused,phishingWriting75p,hamWriting100p,phishingStyling50p,hamStyling75p,Based on the emails I identify it,0
123,A1O57ULEBAMV5B,27,M,BD,United States,YF,true,1,1,2,3,1,1,792267766,Unused,phishingWriting75p,hamWriting50p,phishingStyling100p,hamStyling75p,,0
124,ALKQPW0O9C98N,50,F,BD,United States,YF,true,0,1,1,0,3,3,300552670,Unused,phishingWriting25p,hamWriting25p,phishingStyling50p,hamStyling25p,I hovered over the link to see where it would lead looked for misspellings watched out for urgent language ,0
125,A2YC6PEMIRSOAA,39,F,HS,United States,YF,true,0,1,3,2,1,1,534329621,Unused,phishingWriting100p,hamWriting50p,phishingStyling75p,hamStyling50p,Looking at the type of email who it was from and the email address and links included,0
126,A17PAE30BGBO1T,46,M,BD,United States,YM,true,0,1,3,0,3,1,212000978,Unused,phishingWriting50p,hamWriting50p,phishingStyling50p,hamStyling50p,Checking links by hovering over them or looking at senders that didnt make sense ,0
127,ASF5V3K4IFP4K,30,M,BD,United States,YM,true,0,1,3,3,3,0,33640705,Unused,phishingWriting50p,hamWriting25p,phishingStyling50p,hamStyling25p,I looked for spelling errors how urgent the language was and whether the links were legit looking,0
128,A1JEW9EPBUVJU3,31,M,BD,United States,YF,true,1,0,2,1,1,1,321867955,Unused,phishingWriting75p,hamWriting50p,phishingStyling100p,hamStyling75p,,0
129,A2OVDMIGAS5HHI,30,M,BD,United States,YM,true,0,1,2,0,0,1,894317438,Unused,phishingWriting75p,hamWriting50p,phishingStyling75p,hamStyling50p,I gives try to knowledge and honestly opinion,0
130,AWWQITTQS,-1,Rejected,Rejected,Rejected,Rejected,Rejected,-1,-1,-1,-1,-1,-1,-1,-1,-1,-1,-1,-1,-1,-1
131,A3QTJVLFYGWIGB,32,M,MD,United States,YM,true,3,1,3,3,2,0,562112366,Unused,phishingWriting100p,hamWriting100p,phishingStyling100p,hamStyling100p,no comments,0
132,A3NMQ3019X6YE0,46,F,HS,United States,YF,true,0,1,3,3,2,1,25461255,Unused,phishingWriting75p,hamWriting25p,phishingStyling50p,hamStyling50p,I looked at the wording such as urgency the address the link included,0
133,A2T0STI1CPQBDR,33,M,MD,United States,YM,true,0,1,3,0,2,0,588121795,Unused,phishingWriting100p,hamWriting50p,phishingStyling100p,hamStyling50p,nope,0
134,A214V7ZRX7LEWZ,66,F,BD,United States,অনুগ্রহ করে নির্বাচন করুন.,true,3,1,0,1,1,1,994142245,Unused,phishingWriting50p,hamWriting50p,phishingStyling50p,hamStyling50p,Unknown or Suspicious Sender Phishing emails often come from unknown or suspicious email addresses Incorrect spelling or grammar Phishing emails often contain incorrect spelling or grammar Domain Name Mismatch Phishing emails often mimic a legit,0
135,A1AMGHYG5PT0L2,45,F,MD,United States,YF,true,0,1,3,0,3,3,512320065,Unused,phishingWriting75p,hamWriting50p,phishingStyling75p,hamStyling50p,I just tried to decide if they were legitimate I checked email addresses and read the content to see if it was suspicious ,0
136,A29CDNFD1INS22,42,M,MD,United States,YF,true,0,1,3,0,1,1,53594687,Unused,phishingWriting25p,hamWriting75p,phishingStyling25p,hamStyling50p,I checked if the email address matches the official domain of the purported sender Discrepancies or suspicious domains may indicate phishing,0
137,A24IWWIUPASCQJ,47,M,MD,United States,YF,true,1,0,2,1,2,1,245674285,Unused,phishingWriting75p,hamWriting75p,phishingStyling75p,hamStyling100p,Urgent call to action or threats  Be suspicious of emails and Teams messages that claim you must click call or open an attachment immediately Often theyll claim you have to act now to claim a reward or avoid a penalty,0
138,A1BHR5XQ16T7LA,56,M,HS,United States,YM,true,0,1,3,3,1,1,754774922,Unused,phishingWriting75p,hamWriting75p,phishingStyling75p,hamStyling75p,I generally browsed through the message content to see what the wording was like and then checked the links given to see if they looked phishy I would also check the email address against the given link,0
139,A7QAPZ1YVA0K2,34,F,BD,United States,YM,true,1,0,3,0,2,0,534558744,Unused,phishingWriting100p,hamWriting75p,phishingStyling100p,hamStyling50p,cannot find may be am use my knowledge,0
140,A21Q7FCKM86VL8,48,M,BD,United States,YF,true,0,1,3,3,3,1,184923371,Unused,phishingWriting75p,hamWriting0p,phishingStyling75p,hamStyling0p,I would check the sender and the link for contradictions Also any too good to be true promises being made ,0
141,A3I40B0FATY8VH,31,M,HS,United States,YM,true,0,1,3,1,3,3,185977018,Unused,phishingWriting50p,hamWriting50p,phishingStyling75p,hamStyling25p,Whether a link was broken or misspelling of company names or if it came from a gmail account or if it used a lot of caps and loud language,0
142,A2LEK8AV893Q1H,27,F,BD,United States,A,true,0,1,3,2,2,1,599740376,Unused,phishingWriting100p,hamWriting50p,phishingStyling100p,hamStyling75p,NA,0
143,AH7Z2M3KSQ4DW,36,F,BD,United States,YF,true,0,1,3,3,1,1,699421312,Unused,phishingWriting50p,hamWriting25p,phishingStyling25p,hamStyling50p,I checked for emails that asked for sensitive criteria seemed urgent provided an offer that seemed too good to be true the subject line and the sender information,0
144,A1DUPOUC9RNU4L,62,F,BD,United States,YF,true,0,1,3,3,1,1,816255991,Unused,phishingWriting50p,hamWriting50p,phishingStyling50p,hamStyling25p,Correct spelling grammar web address and content,0
145,A6JKKANO7F4KD,62,M,BD,United States,YF,true,0,1,3,3,3,1,610774231,Unused,phishingWriting50p,hamWriting50p,phishingStyling25p,hamStyling25p,Mostly I hovered over any links included in the emailks to determine if they matched the supposed senderinstitution I also used the actual message and decided if it sounded legit,0
146,A11WCFPJSR5VZP,35,F,BD,United States,YF,true,0,1,3,3,1,3,194439413,Unused,phishingWriting50p,hamWriting50p,phishingStyling50p,hamStyling50p,I would think that the emails were a phishing email if the links or the sender email didnt match up I also looked closer at the body of the emails and thought about if the emails sounded logical and not over the top,0
147,A3R97T5D3RR9JX,28,M,BD,United States,YM,true,0,1,3,1,1,2,982822621,Unused,phishingWriting50p,hamWriting50p,phishingStyling50p,hamStyling50p,the instructions provided at first ,0
148,A2JT3Y0HXAT9EF,37,M,BD,United States,YF,true,1,1,1,1,0,2,305018744,Unused,phishingWriting75p,hamWriting50p,phishingStyling100p,hamStyling50p,,0
149,A3DZYQFQBQKZZL,29,M,BD,United States,A,true,0,0,3,0,2,0,507141170,Unused,phishingWriting75p,hamWriting50p,phishingStyling75p,hamStyling75p,BASED ON THE DESCRIBTION AND MESSAGE ,0
150,AOOLS8280CL0Z,72,F,HS,United States,YM,true,0,1,3,3,3,1,140791326,Unused,phishingWriting25p,hamWriting0p,phishingStyling50p,hamStyling0p,checking the links in the email by hovering over it to see the actual link destination,0
151,AZ5ZYUCAQ0XDL,39,M,BD,United States,YM,true,0,1,3,2,3,1,204990527,Unused,phishingWriting50p,hamWriting25p,phishingStyling50p,hamStyling50p,I checked sender address and hovered over links I also looked for grammer errors ,0
152,A12IAM6IU41KSU,36,M,BD,United States,YF,true,3,1,3,3,1,1,441552136,Unused,phishingWriting75p,hamWriting75p,phishingStyling75p,hamStyling75p,Good,0
153,A2IEEQ1DRJ0GVH,26,M,BD,United States,YF,true,0,1,3,2,2,1,360680124,Unused,phishingWriting75p,hamWriting75p,phishingStyling50p,hamStyling75p,,0
154,A3OYUJ6E6BJS4H,56,M,HS,United States,YM,true,0,1,3,3,1,1,255434522,Unused,phishingWriting25p,hamWriting75p,phishingStyling75p,hamStyling50p,If it used sensationalist language or had suspicious links that didnt match what was listed when they were moused over,0
155,A28HB7240OFGEW,26,M,BD,United States,YF,true,0,1,3,3,1,1,344704912,Unused,phishingWriting50p,hamWriting50p,phishingStyling50p,hamStyling50p,The content of the email and the header are usually give away The sender address also helps a lot,0
156,A1FMVUYV72MUO3,40,M,BD,United States,A,true,0,1,3,3,3,1,958028069,Unused,phishingWriting25p,hamWriting25p,phishingStyling0p,hamStyling25p,spelling consistency between url and email content link matching,0
157,A1KZ97QBNRPVCT,29,M,BD,United States,YF,true,0,1,3,2,1,1,451250934,Unused,phishingWriting50p,hamWriting50p,phishingStyling50p,hamStyling75p,,0
158,AI4AO0O0WIJF7,49,F,HS,United States,YM,true,0,1,3,3,1,1,184355102,Unused,phishingWriting50p,hamWriting75p,phishingStyling75p,hamStyling50p,I looked at the sender and the links mostly,0
159,A1EN8T6FFC3OGP,43,M,BD,United States,YF,true,1,1,2,2,1,0,1999798,Unused,phishingWriting75p,hamWriting50p,phishingStyling75p,hamStyling50p,,0
160,A3N0QZ9ZKUCTCQ,35,M,BD,United States,YM,true,0,1,1,3,3,1,477189853,Unused,phishingWriting75p,hamWriting25p,phishingStyling75p,hamStyling25p,The sender email address if its a reasonablereputable or familiar name or not Spellings mistakes andor grammar issues in the text The context of the email whether the intend is something that I would expect to see and not unexpected,0
161,A320QA9HJFUOZO,37,M,BD,United States,YF,true,0,1,3,3,3,1,761269929,Unused,phishingWriting25p,hamWriting25p,phishingStyling50p,hamStyling50p,I used the instructions given to decide if it was legitimate or not as well as my onw knowledge and experience tone urgency too good to be true sender checking links etc,0
162,A1JI19KPIVNL3Y,47,M,BD,United States,YM,true,0,1,3,3,3,1,632359607,Unused,phishingWriting100p,hamWriting100p,phishingStyling100p,hamStyling100p,I looked mainly at the appeal that was being made then hovered over links,0
163,A3KKXA7COL5JHL,45,M,HS,United States,YM,true,0,1,3,3,1,1,929457552,Unused,phishingWriting50p,hamWriting25p,phishingStyling50p,hamStyling25p,Bad links urgent or threatening emails asking for personal details generally scammy sounding language,0
164,A16LUX6COW2EBP,30,F,BD,United States,YF,true,0,0,3,0,1,0,199567899,Unused,phishingWriting50p,hamWriting50p,phishingStyling75p,hamStyling50p,no identify to use,0
165,A2APG8MSLJ6G2K,70,F,BD,United States,YM,true,0,1,3,3,3,1,758667099,Unused,phishingWriting75p,hamWriting50p,phishingStyling75p,hamStyling75p,If the same email address was used in links if same send matches claimed sender if important info is asked for in the email attention grabbing tone offers too good to be true,0
166,A13O9KJXJ5X7L2,32,M,BD,United States,YF,true,0,1,3,0,3,1,815158184,Unused,phishingWriting50p,hamWriting75p,phishingStyling75p,hamStyling50p,Mismatched or Deceptive URLs Hovering over any links in the email without clicking might show a URL that does not match the purported sender or looks suspiciously convoluted,0
167,A209V2VHLLQ59W,35,NB,BD,United States,YM,true,0,1,3,3,1,1,992131014,Unused,phishingWriting75p,hamWriting50p,phishingStyling75p,hamStyling50p,I would go by the sender first Then I would go by the topic of the email and its content Finally I would hover over any links and make a final decision based on if they were legitimate or not,0
168,ASVC8PK0E92JM,39,F,BD,United States,A,true,1,2,1,2,1,2,603915536,Unused,phishingWriting100p,hamWriting100p,phishingStyling100p,hamStyling100p,,0
169,ADUPOUCRNUL,-1,Rejected,Rejected,Rejected,Rejected,Rejected,-1,-1,-1,-1,-1,-1,-1,-1,-1,-1,-1,-1,-1,-1
170,ADUPOUCRNUL,-1,Rejected,Rejected,Rejected,Rejected,Rejected,-1,-1,-1,-1,-1,-1,-1,-1,-1,-1,-1,-1,-1,-1
171,AQYRWUMALTD,-1,Rejected,Rejected,Rejected,Rejected,Rejected,-1,-1,-1,-1,-1,-1,-1,-1,-1,-1,-1,-1,-1,-1
172,A2XS49LRNX8PD4,34,M,HS,United States,YM,true,0,1,3,3,1,1,468129286,Unused,phishingWriting75p,hamWriting25p,phishingStyling75p,hamStyling25p,I looked at the sender and tried to look at any links they provided to see if they made sense with the sender If they didnt match I assumed it was phishing I also looked at the subject line in relation to the message,0
173,ACKG8OU1KHKO2,30,M,BD,United States,YM,true,0,1,3,2,1,1,833331288,Unused,phishingWriting50p,hamWriting50p,phishingStyling50p,hamStyling50p,I checked the link does not match the text,0
174,A3V2O71AQ29DRZ,42,F,MD,United States,A,true,0,1,3,2,1,2,695889863,Unused,phishingWriting100p,hamWriting100p,phishingStyling100p,hamStyling100p,Nothing,0
175,A9IPBD6C63ASJ,39,M,MD,United States,YF,true,0,1,3,3,3,3,12765274,Unused,phishingWriting50p,hamWriting25p,phishingStyling75p,hamStyling50p,i used to hover on link check the URL see the address check spellings,0
176,A2E0LU8V4EUX5C,28,M,BD,United States,YF,true,0,1,3,1,1,2,386275161,Unused,phishingWriting75p,hamWriting25p,phishingStyling25p,hamStyling50p,Address from website link text style third,0
177,A1S1K7134S2VUC,52,M,MD,United States,YF,true,0,1,1,3,3,1,570597067,Unused,phishingWriting25p,hamWriting25p,phishingStyling25p,hamStyling25p,sender mismatch request for credentials weird subject urgent tone offers link mismatch,0
178,A2Z0D73YYRCGQE,31,F,BD,United States,YM,true,0,1,3,3,3,1,600786027,Unused,phishingWriting50p,hamWriting50p,phishingStyling25p,hamStyling25p,I checked all the URLS the grammar the tone and the message,0
179,AU34T9OMHN4Z4,45,F,HS,United States,YM,true,0,1,3,3,3,3,683142288,Unused,phishingWriting75p,hamWriting25p,phishingStyling50p,hamStyling50p,If the return address was misspelled or didnt look right I marked phishing  If it was an email that didnt include any kind of links then I believed it to be a non phishing email,0
180,A24MNMHSFYW6B,36,M,MD,United States,YF,true,1,0,0,0,1,1,368639414,Unused,phishingWriting75p,hamWriting75p,phishingStyling100p,hamStyling75p,,0
181,A3W3FYGMP7VLKZ,43,M,BD,United States,YM,true,0,1,3,3,1,1,553158606,Unused,phishingWriting75p,hamWriting75p,phishingStyling75p,hamStyling75p,The criteria I used was first to check the sender and associated domain to see if they made sense and matched the real party Secondly I verified if any links in the email matched the senders domain Next I looked at the message content,0
182,A2EK1HDV4I4GSK,52,M,HS,United States,YF,true,0,1,3,3,2,1,242587854,Unused,phishingWriting50p,hamWriting50p,phishingStyling25p,hamStyling50p,What the link looked like when I hovered over it What info it was asking for Common sense,0
183,A7T8YS4I49QMF,30,M,MD,United States,YF,true,0,1,3,3,1,1,608004795,Unused,phishingWriting75p,hamWriting25p,phishingStyling25p,hamStyling25p,I identified phishing emails based on several criteriaSender Address I checked if the senders email domain matched the legitimate organizations domainContent I looked for urgent requests to update personal information threats of account su,0
184,A1B1M3TB3FZJ3U,40,F,PD,United States,YF,true,0,1,3,0,2,1,81557792,Unused,phishingWriting100p,hamWriting100p,phishingStyling75p,hamStyling50p,Similarly the percentage of ham emails generated bySimilarly the percentage of ham emails generated by AI models can also vary but its likely lower compared to phishing emails as legitimate businesses and individuals may be less inclined to use A,0
185,A3IMM3YOEK9D3H,26,F,MD,United States,YF,true,0,1,3,1,1,1,207418290,Unused,phishingWriting75p,hamWriting75p,phishingStyling50p,hamStyling50p,The urgency in the email contents ,0
186,AYRNCMDE11ZVG,38,M,BD,United States,YF,true,0,0,1,1,1,2,872194317,Unused,phishingWriting100p,hamWriting100p,phishingStyling100p,hamStyling75p,,0
187,A2PR7FI9TP8XLD,35,M,BD,United States,YF,true,0,2,3,0,1,1,803305035,Unused,phishingWriting75p,hamWriting50p,phishingStyling75p,hamStyling50p,Whether they included a link or not,0
188,AIAWNL2EJFE1,47,M,BD,United States,A,true,1,1,3,0,1,1,476034713,Unused,phishingWriting100p,hamWriting100p,phishingStyling100p,hamStyling100p,I verify each URL link address to distinguish between original and fake ones,0
189,A1CN1H9UODZ1E6,43,F,MD,United States,YM,true,1,0,3,0,1,0,319838985,Unused,phishingWriting75p,hamWriting50p,phishingStyling50p,hamStyling75p,check the messages detailed,0
190,A2T1LNI80EPOQR,30,M,BD,United States,YM,true,0,1,3,3,3,1,429721870,Unused,phishingWriting75p,hamWriting25p,phishingStyling75p,hamStyling25p,asking for money was a big warning sign emails that didnt match the company were a warning sign as well Asking me to click links and sign in to things was also a warning sign,0
191,A2JDYN6QM8M5UN,30,M,HS,United States,YM,true,0,1,3,0,2,1,578249323,Unused,phishingWriting0p,hamWriting0p,phishingStyling0p,hamStyling0p,urgent language suspicious links any other discrepancies Using language that induces fearpanic,0
192,AKX4H8RT7BL7H,40,M,HS,United States,YM,true,0,1,3,3,1,1,324670617,Unused,phishingWriting25p,hamWriting0p,phishingStyling25p,hamStyling0p,The most common giveaway was the text links in the body of the email being different than their underlying URL Sometimes the name of the company in the sender email was spelled slightly different,0
193,AR1IWBDA7MC86,37,M,BD,United States,YM,true,0,1,3,2,1,1,226705730,Unused,phishingWriting100p,hamWriting100p,phishingStyling100p,hamStyling100p,Well I mostly just looked at the sender first then the link to see where it took me and it always was a suspicious website The one time I selected the wrong thing I assumed I was a student and it didnt offer a link just go to the schools site,0
194,A3E8SXH0BAYG85,57,M,HS,United States,YF,true,0,1,3,3,3,3,763401119,Unused,phishingWriting25p,hamWriting50p,phishingStyling25p,hamStyling50p,Was there a sense of urgency I hovered over the link to see the address,0
195,A2NAKIXS3DVGAA,30,M,BD,United States,A,true,0,1,3,3,3,1,278061008,Unused,phishingWriting50p,hamWriting50p,phishingStyling50p,hamStyling50p,I checked whether the sender of the email is the same website as the link in the email,0
196,A8C3WNWRBWUXO,52,M,HS,United States,YM,true,0,1,3,3,3,2,229430778,Unused,phishingWriting75p,hamWriting50p,phishingStyling25p,hamStyling25p,The urgency and whether they were requesting information,0
197,A2DLV3WN24WTDS,62,F,BD,United States,YF,true,0,1,3,0,1,1,625876881,Unused,phishingWriting75p,hamWriting75p,phishingStyling75p,hamStyling50p,Urgency short deadlines threats of losing access accounts signins etc ,0
198,A1VRG5HKZC0H0C,39,M,MD,United States,YM,true,0,1,3,3,3,1,883011144,Unused,phishingWriting75p,hamWriting0p,phishingStyling75p,hamStyling0p,The actual url by hovering over the link was the primary source on information I used I also considered the sender and any urgent language used in the email,0
199,A2BOT2EDR1XGC6,36,M,BD,United States,YF,true,1,0,0,3,3,1,680388334,Unused,phishingWriting75p,hamWriting50p,phishingStyling25p,hamStyling25p,no,0
200,A1YSYI926BBOHW,40,M,BD,United States,YM,true,0,1,1,0,2,1,253716812,Unused,phishingWriting75p,hamWriting0p,phishingStyling100p,hamStyling0p,email urls check links,0
201,AONSG5WOC3OX0,42,M,BD,United States,YM,true,0,1,0,0,2,3,46999585,Unused,phishingWriting75p,hamWriting0p,phishingStyling75p,hamStyling0p,I was looking at the links to see if anything seems odd I was looking at the context to see if there was misspellings bad grammar or simply strange wordingformatting I was also looking at how the links were provided ,0
202,A5KSG2YFYBLM6,44,F,BD,United States,YF,true,0,1,2,0,0,2,697975555,Unused,phishingWriting100p,hamWriting100p,phishingStyling100p,hamStyling100p,,0
203,ADWKSQPGGVQ,-1,Rejected,Rejected,Rejected,Rejected,Rejected,-1,-1,-1,-1,-1,-1,-1,-1,-1,-1,-1,-1,-1,-1
204,A21TS13U0W5X3P,21,M,HS,United States,YF,true,0,1,3,0,1,3,619308188,Unused,phishingWriting25p,hamWriting0p,phishingStyling25p,hamStyling0p,If they were asking to log if they were too good to be true claim inheritance claim your prize grammatical errors emails that didnt match strange subject lines,0
214,AIXZNUNYZHM4I,30,M,BD,United States,YF,true,0,0,0,0,2,1,283656266,Unused,phishingWriting75p,hamWriting50p,phishingStyling75p,hamStyling50p,OFFERS THAT ARE TOO GOOD TO BE TRUE ACTION DEMANDS LOGIN CREDENTIALS PAYMEND INFORMATION,0
215,A1DZMZTXWOM9MR,42,M,HS,United States,YF,true,0,1,3,0,1,1,705472585,Unused,phishingWriting50p,hamWriting25p,phishingStyling75p,hamStyling25p,I mostly relied upon checking the links that were presented in each email the type of language that was used in each and whether there was a call to immediate action in responding to the queries,0
216,AR4FNR7Z2WLC8,65,M,HS,United States,YM,true,0,1,3,0,2,1,393415608,Unused,phishingWriting75p,hamWriting25p,phishingStyling75p,hamStyling25p,common sense and basic knowledge points that you yourselves sited most of which I already knew and even ones I got wrong if you check my confidence ratings for them you will see that i had doubts,0
217,A25J8R3YQXAC61,39,F,BD,United States,YM,true,0,1,3,3,3,1,944017585,Unused,phishingWriting50p,hamWriting50p,phishingStyling50p,hamStyling50p,Hover over each link to check them Check the user email Check if asking for personal info,0
218,A3GVO65IO5XTL4,34,M,BD,United States,YF,true,1,0,0,0,1,3,573732376,Unused,phishingWriting100p,hamWriting100p,phishingStyling100p,hamStyling100p,I did not use any specific criteria Just based on my practical experience I have answered,0
219,A2VAL2BRKVSUB5,46,M,HS,United States,YF,true,0,1,3,0,3,1,22317515,Unused,phishingWriting50p,hamWriting25p,phishingStyling50p,hamStyling25p,I tried to hover over the link and see if it corresponded with the header on top I also read the email and tried to figure out if it was legitimate by the writing inside of it ,0
220,A5P12YJP805RG,28,M,HS,United States,YF,true,0,1,3,3,1,1,93459631,Unused,phishingWriting75p,hamWriting75p,phishingStyling75p,hamStyling75p,The language and how good the english was If the link looked funky or had an official name The email address being abnormal The overall context and validity of the action ,0
221,A1DT7XOW0ISK0K,36,M,HS,United States,YF,true,0,1,0,0,1,3,768954660,Unused,phishingWriting50p,hamWriting50p,phishingStyling50p,hamStyling50p,Whether there was an attempt to elicit urgency whether the link was different than the real website whether it asked me for money etc,0
222,A3HA1M2U9VZHYE,38,M,BD,United States,A,true,0,1,3,1,3,1,114634015,Unused,phishingWriting50p,hamWriting50p,phishingStyling50p,hamStyling50p,about the unwanted links and urgent language,0
223,A2FP41BSPG0Y4A,35,F,BD,United States,YM,true,0,1,3,3,3,1,964011204,Unused,phishingWriting75p,hamWriting50p,phishingStyling50p,hamStyling50p,i looked at the link the subject the email and the message content to identify phishing  emails,0
224,A2F81U9EDP6YJL,50,M,MD,United States,YM,true,1,0,0,1,0,0,556552336,Unused,phishingWriting100p,hamWriting100p,phishingStyling75p,hamStyling100p,very valuable,0
225,A3UQ5DF8VVD975,44,M,HS,United States,YM,true,0,1,3,3,3,1,233136838,Unused,phishingWriting25p,hamWriting50p,phishingStyling50p,hamStyling75p,I checker the sender to make sure it matched who they claimed to be I hovered on links to see if they matched the text and I watched for any requests for personal information I also paid attention to the tone and language of the email,0
226,AXPZAP62ZYWP8,28,M,HS,United States,YM,true,0,1,3,3,1,1,795496953,Unused,phishingWriting75p,hamWriting25p,phishingStyling50p,hamStyling50p,If the email had a link for me to have to click on,0
227,A1ATQ2AVZB2ND5,31,M,BD,United States,A,true,0,1,3,1,2,0,190399997,Unused,phishingWriting100p,hamWriting100p,phishingStyling100p,hamStyling100p,,0
228,A2FB5UQTR3E0NX,39,F,BD,United States,YM,true,0,1,3,3,3,1,877180979,Unused,phishingWriting50p,hamWriting50p,phishingStyling50p,hamStyling50p,Normally hovering over to check the links Check if its too good to be true Check sender,0
229,A1P6OXEJ86HQRM,41,M,BD,United States,YF,true,0,1,3,3,1,1,292558963,Unused,phishingWriting75p,hamWriting50p,phishingStyling75p,hamStyling25p,I check the address of the sender I looked at the links by hovering over them I looked for inconsistencies,0
230,A1AYQ8E01NSY5Z,42,M,BD,United States,YF,true,0,1,3,3,3,1,140544808,Unused,phishingWriting75p,hamWriting75p,phishingStyling75p,hamStyling75p,Urgent tone a sense of urgency to panic me into acting without thinking Offers some of the emails contained offers that seemed too good to be true Some of the links did not match the text A couple of the emails requested credentials ,0
231,A3AY0315YWWNXY,29,M,BD,United States,YM,true,0,1,3,1,1,1,625337184,Unused,phishingWriting25p,hamWriting25p,phishingStyling25p,hamStyling25p,Looking at the title the senders name the link URL and reading through the body of text of the email,0
232,A1YZ0ETOCJO1B2,40,M,BD,United States,A,true,0,1,3,3,1,1,864832498,Unused,phishingWriting50p,hamWriting25p,phishingStyling0p,hamStyling0p,I checked the sender and I also hovered over any links to check the link address,0
233,AIQM86IRETAJN,38,F,HS,United States,A,true,0,1,3,3,1,3,294224885,Unused,phishingWriting25p,hamWriting50p,phishingStyling25p,hamStyling50p,Email verification and unprofessional speech,0
234,A13WTEQ06V3B6D,31,M,MD,United States,YM,true,0,1,3,3,1,1,129390671,Unused,phishingWriting50p,hamWriting75p,phishingStyling50p,hamStyling75p,I checked the sender and any links to make sure that they were trustworthy I read the message to see what the email content is,0
235,AWWR9PY50W0Z9,38,M,HS,United States,YF,true,0,1,3,0,2,1,638049002,Unused,phishingWriting75p,hamWriting50p,phishingStyling50p,hamStyling50p,odd senders titles mismatched to subject urgent offers ,0
238,A1CC1ESUM2JWJ2,38,F,BD,United States,A,true,0,1,3,3,1,1,740438790,Unused,phishingWriting25p,hamWriting50p,phishingStyling50p,hamStyling75p,I looked to see if I could recognize the email address and if it looks legit Then I checked the link and if the link went to the right website ,0
239,A1CC1ESUM2JWJ2,38,F,BD,United States,A,true,0,1,3,3,1,1,740438790,Unused,phishingWriting25p,hamWriting50p,phishingStyling50p,hamStyling75p,I looked to see if I could recognize the email address and if it looks legit Then I checked the link and if the link went to the right website ,0
240,A3KF6O09H04SP7,39,M,BD,United States,YF,true,0,1,3,3,1,1,467168543,Unused,phishingWriting75p,hamWriting50p,phishingStyling75p,hamStyling50p,I just used a combination of all the advice that was given to me before I started  A combination of naturalness of language urgency of the message being too good to be true and hovering over links to see where they actually lead  ,0
241,ADYFANDUXJG,-1,Rejected,Rejected,Rejected,Rejected,Rejected,-1,-1,-1,-1,-1,-1,-1,-1,-1,-1,-1,-1,-1,-1
242,ASZTVZBUUA,-1,Rejected,Rejected,Rejected,Rejected,Rejected,-1,-1,-1,-1,-1,-1,-1,-1,-1,-1,-1,-1,-1,-1
